batch_id,timestamp,temp_setpoint,temp_actual,pressure_actual,airflow_setpoint,airflow_actual,raw_material_protein,product_moisture_qc,is_anomaly_source,temp_deviation,airflow_deviation
golden,2025-08-24 00:00:00,180.0,180.18615240387865,2.5017053364102555,15.0,14.965934301335322,12.470768099165916,7.909917811495639,False,0.18615240387865128,-0.03406569866467812
golden,2025-08-24 00:00:01,180.2094356823249,180.38115133403429,2.504637143964071,15.005235963831419,15.130422892434995,12.491140733867047,8.087317612094123,False,0.17171565170937697,0.1251869286035756
golden,2025-08-24 00:00:02,180.41884839766715,180.77669514929954,2.5479005594158863,15.010471784116246,15.035994141002881,12.496686481630778,8.19087995993247,False,0.357846751632394,0.025522356886634512
golden,2025-08-24 00:00:03,180.62821518156255,180.30269870264232,2.4254243659793135,15.01570731731182,15.024142442269355,12.509874019629946,7.863569706900291,False,-0.3255164789202354,0.008435124957534512
golden,2025-08-24 00:00:04,180.837513074584,181.07780175656868,2.4025340742593984,15.020942419883356,15.026421297171836,12.513145474931926,7.882408266012052,False,0.2402886819846799,0.005478877288480177
golden,2025-08-24 00:00:05,181.04671912485887,180.63418670190813,2.496045641867839,15.026176948307873,15.05367053680042,12.557001956985987,8.039457078114316,False,-0.4125324229507328,0.027493588492546905
golden,2025-08-24 00:00:06,181.25581039058628,181.5065065454977,2.5357832545467467,15.031410759078128,15.213469305218993,12.464296201749622,7.918781932706266,False,0.2506961549114237,0.18205854614086547
golden,2025-08-24 00:00:07,181.46476394255262,181.24197320287334,2.4707685600771576,15.036643708706556,15.12688362173246,12.537184851984236,7.954587251835794,False,-0.22279073967928298,0.09023991302590417
golden,2025-08-24 00:00:08,181.67355686664632,181.5511286336536,2.443439284390812,15.0418756537292,15.031660641423503,12.475900078972426,7.936279812432969,False,-0.12242823299271777,-0.010215012305696547
golden,2025-08-24 00:00:09,181.8821662663703,182.12945053323352,2.5120712636616136,15.047106450709643,15.11757096482872,12.510783775074401,7.833198159586908,False,0.24728426686323246,0.07046451411907739
golden,2025-08-24 00:00:10,182.09056926535308,182.15230598873657,2.4408284143774286,15.052335956242944,14.904868860119928,12.554912527236683,7.85337467317151,False,0.06173672338348979,-0.147467096123016
golden,2025-08-24 00:00:11,182.29874300985733,182.33375624447265,2.5512239808246098,15.057564026959568,15.056838722400974,12.48165066712301,7.78589603002232,False,0.03501323461532024,-0.0007253045585944307
golden,2025-08-24 00:00:12,182.50666467128607,182.16910092948524,2.55241347748188,15.062790519529313,15.142442188182413,12.540844517117968,8.056268470851167,False,-0.33756374180083526,0.07965166865309925
golden,2025-08-24 00:00:13,182.7143114486861,183.0825827935413,2.51932093956025,15.068015290665247,15.002054900377095,12.489954191292776,7.647122955308523,False,0.3682713448552022,-0.06596039028815248
golden,2025-08-24 00:00:14,182.92166057124822,183.24431346925138,2.6268851358122935,15.073238197127631,15.080739177787862,12.507215384669314,7.88975243020106,False,0.322652898003156,0.007500980660230638
golden,2025-08-24 00:00:15,183.1286893008046,183.18371597619372,2.579556289692017,15.078459095727846,15.029643774953987,12.500259338634025,7.972610266416069,False,0.0550266753891151,-0.04881532077385842
golden,2025-08-24 00:00:16,183.33537493432203,182.97521294118172,2.535903837402719,15.083677843332316,15.073068393470054,12.526484786995292,7.825936198861307,False,-0.3601619931403093,-0.010609449862261755
golden,2025-08-24 00:00:17,183.54169480639166,183.39526293198406,2.5987939568846414,15.088894296866442,15.077761393587336,12.480685146204703,7.90785908216142,False,-0.14643187440759675,-0.011132903279106543
golden,2025-08-24 00:00:18,183.74762629171448,183.80481671223941,2.4877579006367014,15.094108313318515,15.093034083973004,12.497618072593754,7.922288659683541,False,0.057190420524932506,-0.0010742293455106022
golden,2025-08-24 00:00:19,183.95314680758253,183.97723891901032,2.52767985872523,15.099319749743639,14.96305412378144,12.505211732047941,7.804761574718527,False,0.024092111427790996,-0.13626562596219927
golden,2025-08-24 00:00:20,184.1582338163552,184.30658193153397,2.4871482003054406,15.104528463267654,15.078739341723772,12.461518459851881,7.677272542001742,False,0.1483481151787771,-0.025789121543882132
golden,2025-08-24 00:00:21,184.36286482793085,184.48424247872848,2.536422224535469,15.109734311091046,15.108165195090676,12.537142916449975,7.9233714977273095,False,0.1213776507976263,-0.0015691160003701299
golden,2025-08-24 00:00:22,184.5670174022131,184.98370197291507,2.5871274161346025,15.114937150492867,15.209388631282494,12.494425810353311,7.707679095835241,False,0.4166845707019604,0.09445148078962617
golden,2025-08-24 00:00:23,184.7706691515716,184.80891581045614,2.613973297099706,15.120136838834647,15.1521855231743,12.526191579003056,7.728116350685206,False,0.038246658884531826,0.03204868433965302
golden,2025-08-24 00:00:24,184.9737977432971,185.20373603461735,2.5492030104590317,15.125333233564305,15.05329381071409,12.524394676835946,7.610832827784509,False,0.22993829132025212,-0.07203942285021547
golden,2025-08-24 00:00:25,185.17638090205043,185.4521534192708,2.5082028809759582,15.130526192220051,14.969230535274793,12.491708322352403,7.597676083107797,False,0.27577251722036067,-0.16129565694525816
golden,2025-08-24 00:00:26,185.3783964123053,185.35128455650238,2.6779896009479205,15.135715572434304,15.137992151634267,12.469121972588713,7.607278322138926,False,-0.02711185580292863,0.002276579199962825
golden,2025-08-24 00:00:27,185.5798221207846,185.67850574894737,2.572817386541515,15.140901231937583,15.20239468152788,12.494524239210048,7.611789009043689,False,0.09868362816277454,0.06149344959029612
golden,2025-08-24 00:00:28,185.78063593888942,185.65532846663896,2.505478877668787,15.146083028562412,14.975283981439597,12.520967418978838,7.8232001007094425,False,-0.12530747225045502,-0.17079904712281468
golden,2025-08-24 00:00:29,185.98081584512173,185.88171501781915,2.568760094427756,15.15126082024722,15.241248886781062,12.52005831361948,7.791841790460928,False,-0.09910082730257841,0.0899880665338415
golden,2025-08-24 00:00:30,186.18033988749895,185.8854136398645,2.7023267377727946,15.156434465040231,15.208232319244116,12.52575696514577,7.749976802201231,False,-0.29492624763443587,0.05179785420388505
golden,2025-08-24 00:00:31,186.3791861859614,186.35662397194733,2.5465395058463334,15.16160382110336,15.191437318759665,12.499996090976943,7.637332344217903,False,-0.02256221401407288,0.02983349765630372
golden,2025-08-24 00:00:32,186.57733293477168,186.71061694903963,2.5535177520738044,15.166768746716102,15.07998989709305,12.48306014908783,7.650161178236981,False,0.13328401426795722,-0.08677884962305171
golden,2025-08-24 00:00:33,186.77475840490584,186.982376999293,2.655409656635392,15.17192910027941,15.090903584306153,12.509514967386403,7.620046439744526,False,0.20761859438715646,-0.08102551597325736
golden,2025-08-24 00:00:34,186.9714409464363,187.31750743074016,2.5503971116430018,15.177084740319584,15.183603181897283,12.527414242257995,7.511766840118736,False,0.34606648430386144,0.006518441577698653
golden,2025-08-24 00:00:35,187.167358990906,187.41325178748676,2.649019207115214,15.182235525492148,15.238034247271916,12.4744340209452,7.681343731962949,False,0.2458927965807618,0.055798721779767746
golden,2025-08-24 00:00:36,187.36249105369356,187.44466435609027,2.5737959566871336,15.187381314585725,14.932941938695533,12.472543920959414,7.577471511362406,False,0.08217330239671128,-0.2544393758901915
golden,2025-08-24 00:00:37,187.55681573636934,187.82306498245435,2.51662119984446,15.192521966525907,15.236691955970677,12.49758275635522,7.470552219898652,False,0.2662492460850103,0.0441699894447698
golden,2025-08-24 00:00:38,187.75031172904207,187.91089748176,2.4789098633915496,15.197657340379125,15.257422318346109,12.475980791360923,7.485555525134024,False,0.1605857527179353,0.059764977966983324
golden,2025-08-24 00:00:39,187.94295781269562,187.82601630571872,2.5305546994877655,15.202787295356513,15.167285487270505,12.497342998159434,7.807783488673781,False,-0.1169415069769002,-0.03550180808600878
golden,2025-08-24 00:00:40,188.134732861516,187.7817784303625,2.4563964976167854,15.20791169081776,15.104500146301056,12.47990398713553,7.619885356105608,False,-0.3529544311535062,-0.1034115445167032
golden,2025-08-24 00:00:41,188.32561584520803,188.03460744655504,2.505888076819712,15.213030386274976,15.180220062416076,12.480429140143364,7.758079007160832,False,-0.2910083986529912,-0.03281032385890015
golden,2025-08-24 00:00:42,188.51558583130145,188.5748446369809,2.6047530218763857,15.218143241396543,15.255448802756893,12.494799557160508,7.383507087950557,False,0.05925880567946251,0.037305561360350126
golden,2025-08-24 00:00:43,188.70462198744656,188.92645986247697,2.6291089574797373,15.223250116010952,15.150504719520505,12.490702042937764,7.481449453408448,False,0.22183787503041685,-0.07274539649044698
golden,2025-08-24 00:00:44,188.89270358369856,189.24820771131468,2.6343728626532776,15.228350870110656,15.383973826909799,12.52459447497808,7.621336622046274,False,0.35550412761611483,0.1556229567991423
golden,2025-08-24 00:00:45,189.07980999479093,188.8491476767844,2.599429374907718,15.233445363855905,15.29858613719214,12.473761516968649,7.3347762052195264,False,-0.23066231800652304,0.06514077333623547
golden,2025-08-24 00:00:46,189.26592070239724,189.16850913716934,2.5384415167639345,15.238533457578582,15.078874612121059,12.482380764279563,7.458569566667932,False,-0.09741156522790106,-0.15965884545752296
golden,2025-08-24 00:00:47,189.45101529738108,189.30131721637335,2.494067684566425,15.243615011786023,15.348512588044219,12.504662530616963,7.529790465975876,False,-0.14969808100772752,0.10489757625819607
golden,2025-08-24 00:00:48,189.6350734820343,189.4119343695949,2.597818576474139,15.248689887164854,15.271781999624409,12.479928393362462,7.446704355252817,False,-0.2231391124394122,0.02309211245955467
golden,2025-08-24 00:00:49,189.8180750723028,189.98928009525062,2.5159823655799083,15.253757944584805,15.370176280206499,12.521160192883327,7.454125400943167,False,0.1712050229478166,0.11641833562169346
golden,2025-08-24 00:00:50,190.0,189.80168240201715,2.6390937845467213,15.258819045102522,15.195376867238089,12.499606087369896,7.436018085162764,False,-0.1983175979828502,-0.06344217786443274
golden,2025-08-24 00:00:51,190.18082831500743,189.8929057897203,2.726286679566434,15.263873049965373,15.296027812435359,12.507413087440034,7.449576815124997,False,-0.28792252528714357,0.032154762469986053
golden,2025-08-24 00:00:52,190.36054018746262,190.4981402321022,2.6350059233035505,15.268919820615265,15.246192749951794,12.498384298350116,7.360150918730481,False,0.13760004463958353,-0.02272707066347124
golden,2025-08-24 00:00:53,190.53911590993354,190.65114958458284,2.609786735150416,15.273959218692433,15.231903817212745,12.510820479806458,7.437906822206174,False,0.1120336746492967,-0.042055401479688115
golden,2025-08-24 00:00:54,190.71653589957992,190.88949696340202,2.553464679419556,15.278991106039228,15.295924703836022,12.49395490839078,7.53588360830371,False,0.1729610638221004,0.016933597796793265
golden,2025-08-24 00:00:55,190.89278070030053,191.06139537106222,2.6319711737551135,15.284015344703922,15.196442257224481,12.451365837682125,7.332938153335746,False,0.16861467076168424,-0.08757308747944137
golden,2025-08-24 00:00:56,191.06783098486687,191.0459628405213,2.496239376986634,15.289031796944471,15.281912640120519,12.468966712874616,7.520062212193894,False,-0.021868144345575047,-0.007119156823952366
golden,2025-08-24 00:00:57,191.2416675570426,191.39584036586723,2.5621879819640783,15.294040325232304,15.237652261823643,12.505207826950262,7.45492766775977,False,0.15417280882462592,-0.05638806340866154
golden,2025-08-24 00:00:58,191.41427135368863,191.42293503068856,2.567830035958264,15.299040792256086,15.340442469163817,12.50398122858221,7.5351560709001095,False,0.008663676999930203,0.041401676907730334
golden,2025-08-24 00:00:59,191.5856234468536,192.06091489224434,2.5755032418440114,15.30403306092549,15.373460587967624,12.500065807848074,7.3587065101051055,False,0.4752914453907522,0.06942752704213362
golden,2025-08-24 00:01:00,191.75570504584945,191.3582522919369,2.5217968379582585,15.309016994374947,15.024384488176228,12.491492778843401,7.587415833771644,False,-0.3974527539125461,-0.2846325061987187
golden,2025-08-24 00:01:01,191.9244974993123,192.10171204442602,2.6572304216390634,15.313992455967405,15.272823491523681,12.457746972837594,7.42863694502926,False,0.17721454511371348,-0.041168964443723866
golden,2025-08-24 00:01:02,192.0919822972475,192.09940758971572,2.6948211277482588,15.31895930929807,15.555846724924777,12.463436909571422,7.163265120185083,False,0.007425292468212774,0.23688741562670756
golden,2025-08-24 00:01:03,192.25814107305953,192.57521883601748,2.6659060001048167,15.32391741819815,15.172092112744958,12.519924295819042,7.330660305836873,False,0.3170777629579504,-0.15182530545319217
golden,2025-08-24 00:01:04,192.42295560556622,192.29407430747153,2.551872404624576,15.328866646738582,15.449951313298243,12.485562901396433,7.446461779825856,False,-0.12888129809468296,0.12108466655966055
golden,2025-08-24 00:01:05,192.58640782099675,192.08018651057012,2.656396160250953,15.333806859233771,15.441471675900608,12.478953621727495,7.314663332670178,False,-0.5062213104266391,0.10766481666683703
golden,2025-08-24 00:01:06,192.7484797949738,192.82071191127199,2.543412450977372,15.338737920245292,15.383364098669583,12.467178844804103,7.169313394372229,False,0.07223211629818138,0.044626178424291396
golden,2025-08-24 00:01:07,192.909153754479,192.88249499336553,2.6256443392611963,15.343659694585616,15.354075824607571,12.459867267112815,7.384251915309358,False,-0.026658761113480978,0.010416130021955183
golden,2025-08-24 00:01:08,193.0684120798021,193.26660348803577,2.543775037188873,15.348572047321815,15.282466687202797,12.49922924644157,7.379727653357733,False,0.19819140823366865,-0.06610536011901758
golden,2025-08-24 00:01:09,193.22623730647302,193.42442228295872,2.5282843895185043,15.353474843779257,15.355535087462144,12.515073049405364,7.307103001772927,False,0.19818497648569178,0.002060243682887375
golden,2025-08-24 00:01:10,193.38261212717717,193.52949829062993,2.5602363257894547,15.3583679495453,15.322067475725934,12.499497159770339,7.19368353364494,False,0.14688616345276273,-0.03630047381936663
golden,2025-08-24 00:01:11,193.5375193936532,193.44784368323755,2.5847654597507126,15.363251230472978,15.370515664576239,12.513968755277329,7.259737267914108,False,-0.08967571041566202,0.007264434103261053
golden,2025-08-24 00:01:12,193.6909421185738,193.3039448584868,2.6868346435058146,15.368124552684678,15.364971547272077,12.540660875015401,7.231939717154389,False,-0.38699726008698576,-0.0031530054126012175
golden,2025-08-24 00:01:13,193.84286347740814,193.87629668809055,2.542566328791751,15.372987782575809,15.309821720797338,12.54101520850983,7.257641765512781,False,0.03343321068240357,-0.06316606177847106
golden,2025-08-24 00:01:14,193.9932668102673,193.52973470584743,2.6194696461937594,15.377840786818467,15.283103683357304,12.453103058612257,7.431940989802547,False,-0.46353210441986903,-0.09473710346116349
golden,2025-08-24 00:01:15,194.14213562373095,194.0975109399502,2.53365601918187,15.38268343236509,15.299946049493915,12.48315359773856,7.372128455414917,False,-0.04462468378073936,-0.0827373828711746
golden,2025-08-24 00:01:16,194.28945359265606,194.18288842485043,2.548252056745924,15.387515586452103,15.156022225517841,12.424266989143009,7.321877373678784,False,-0.10656516780562697,-0.23149336093426243
golden,2025-08-24 00:01:17,194.43520456196725,194.697092747783,2.5991806309761847,15.392337116603562,15.34442797558407,12.545711713643227,7.119175189329551,False,0.26188818581573514,-0.04790914101949184
golden,2025-08-24 00:01:18,194.57937254842824,194.37584973800733,2.5447816038042856,15.39714789063478,15.309443399439456,12.532161153602116,7.421271923820581,False,-0.2035228104209068,-0.08770449119532486
golden,2025-08-24 00:01:19,194.72194174239468,193.95359575566465,2.586536795699808,15.40194777665596,15.273286976338952,12.486769675151043,7.243189731145214,False,-0.7683459867300257,-0.1286608003170091
golden,2025-08-24 00:01:20,194.86289650954788,194.5372247814277,2.561880729717886,15.4067366430758,15.407052401497987,12.46948056546134,7.248675334599821,False,-0.3256717281201702,0.00031575842218778405
golden,2025-08-24 00:01:21,195.0022213926092,194.5734367895956,2.604258026531153,15.411514358605109,15.343605111687776,12.498277232869654,7.334473783950568,False,-0.42878460301358245,-0.06790924691733302
golden,2025-08-24 00:01:22,195.13990111303514,195.1173295955268,2.594780451442965,15.416280792260402,15.403803779146193,12.516048377858441,7.157387261923107,False,-0.02257151750833941,-0.012477013114208901
golden,2025-08-24 00:01:23,195.27592057269285,195.28778636388083,2.597011270017256,15.42103581336749,15.346251605975924,12.477949391334574,7.179972717219096,False,0.011865791187972263,-0.07478420739156633
golden,2025-08-24 00:01:24,195.41026485551578,195.4306672058549,2.5489782094178643,15.425779291565073,15.44781904697449,12.442729425562147,7.192230687944523,False,0.020402350339111308,0.022039755409416273
golden,2025-08-24 00:01:25,195.54291922913941,195.51824617711293,2.5856171641065058,15.430511096808296,15.457203515940577,12.50247515658214,7.1999226039278605,False,-0.024673052026486175,0.026692419132281486
golden,2025-08-24 00:01:26,195.6738691465168,196.00988644309186,2.655245062115536,15.435231099372327,15.395850295955167,12.484158478295637,7.015083382448858,False,0.33601729657505075,-0.03938080341715988
golden,2025-08-24 00:01:27,195.8031002475138,195.46076791680125,2.6503484364924335,15.439939169855915,15.284190999194962,12.478425631908651,7.324935187487945,False,-0.34233233071256564,-0.15574817066095292
golden,2025-08-24 00:01:28,195.9305983604839,195.4936804163674,2.5609855939372546,15.444635179184928,15.44317865072985,12.494203506538042,7.233143320054653,False,-0.43691794411651586,-0.0014565284550780433
golden,2025-08-24 00:01:29,196.05634950382228,196.70529361871166,2.6126471476392203,15.449318998615897,15.518235121186363,12.49488711344358,7.189356288224285,False,0.6489441148893889,0.06891612257046553
golden,2025-08-24 00:01:30,196.18033988749895,196.3589905102435,2.6297116817524846,15.453990499739547,15.54758986064238,12.474123868089574,7.174839453493471,False,0.17865062274455568,0.09359936090283405
golden,2025-08-24 00:01:31,196.3025559145711,196.5345887362024,2.4805004683149545,15.458649554484316,15.389241484397786,12.532619158934454,7.098465986196668,False,0.23203282163132144,-0.0694080700865296
golden,2025-08-24 00:01:32,196.42298418267407,196.73773952205903,2.6755989998686514,15.463296035119862,15.582128949154042,12.547657212688408,7.398650588602479,False,0.31475533938495914,0.11883291403417928
golden,2025-08-24 00:01:33,196.54161148549125,196.302844482203,2.5164167992231707,15.467929814260573,15.474373190834793,12.476023832910588,7.105368371595359,False,-0.2387670032882454,0.0064433765742197835
golden,2025-08-24 00:01:34,196.658424814202,196.83310874607542,2.6073781467473016,15.472550764869053,15.534833909580751,12.52147479656696,7.148842953497214,False,0.17468393187343167,0.0622831447116976
golden,2025-08-24 00:01:35,196.77341135890848,196.42205272598738,2.567305432252618,15.47715876025961,15.507958497309325,12.518592597122058,7.140544535368759,False,-0.35135863292109093,0.030799737049715503
golden,2025-08-24 00:01:36,196.8865585100403,197.06660759173687,2.659702500645483,15.481753674101716,15.581017548983729,12.490533847373177,6.9062321379498925,False,0.18004908169658052,0.09926387488201271
golden,2025-08-24 00:01:37,196.9978538597373,196.67828679627098,2.585083281590643,15.48633538042349,15.50053815370459,12.477446547034244,7.005095885268581,False,-0.3195670634663088,0.014202773281098757
golden,2025-08-24 00:01:38,197.10728520321013,197.59285626965422,2.5638910671694335,15.490903753615141,15.48110037782246,12.50218299119998,7.200988787904825,False,0.48557106644409487,-0.00980337579268209
golden,2025-08-24 00:01:39,197.21484054007888,197.24439672070366,2.5521416418702065,15.495458668432407,15.632460619954431,12.515030636684338,7.002975294960998,False,0.02955618062478038,0.13700195152202355
golden,2025-08-24 00:01:40,197.32050807568876,197.3464782126939,2.547624294538361,15.5,15.480433864521677,12.516384521897754,7.064913008187715,False,0.025970137005145943,-0.019566135478322977
golden,2025-08-24 00:01:41,197.4242762224038,197.5950023691329,2.6342663192022506,15.504527623815019,15.488868347328838,12.486927283980714,7.050504898196445,False,0.17072614672912323,-0.01565927648618093
golden,2025-08-24 00:01:42,197.52613360087727,197.30386659400594,2.5858957236230364,15.50904141575037,15.722587338970756,12.462618347291945,7.002039225793973,False,-0.22226700687133416,0.21354592322038535
golden,2025-08-24 00:01:43,197.62606904129984,197.5686468991589,2.5343732079077568,15.51354125205817,15.484874550323667,12.532749588617136,7.210883696889801,False,-0.05742214214095043,-0.02866670173450281
golden,2025-08-24 00:01:44,197.72407158462428,197.69407745506854,2.5435267490793416,15.51802700937313,15.562638915814034,12.51841741788191,7.007433255414042,False,-0.029994129555745985,0.04461190644090429
golden,2025-08-24 00:01:45,197.82013048376734,198.06186076196042,2.6017781488070764,15.52249856471595,15.498548619020552,12.488819096926234,7.074725312394896,False,0.24173027819307435,-0.023949945695397545
golden,2025-08-24 00:01:46,197.91423520478827,198.17928100300873,2.5276299364621644,15.526955795496677,15.596122804343377,12.513396941689962,6.963285467555139,False,0.2650457982204557,0.06916700884669957
golden,2025-08-24 00:01:47,198.00637542804387,197.7554464826053,2.588900386103943,15.531398579518083,15.676462890410322,12.490859233830706,7.067267730262647,False,-0.2509289454385737,0.1450643108922396
golden,2025-08-24 00:01:48,198.0965410493204,198.16244091235848,2.698602920166114,15.535826794978997,15.48483990904746,12.505970071428964,7.071004813603096,False,0.0658998630380836,-0.05098688593153611
golden,2025-08-24 00:01:49,198.18472218094138,198.0283281921964,2.575911314525703,15.540240320477654,15.739084715726928,12.46602547866785,7.108711519931459,False,-0.15639398874498056,0.19884439524927444
golden,2025-08-24 00:01:50,198.27090915285203,198.4494891865181,2.6117087977428994,15.544639035015027,15.650954598579228,12.526904445566968,6.8848663800282,False,0.17858003366606567,0.10631556356420013
golden,2025-08-24 00:01:51,198.3550925136796,198.36960985015247,2.592429918739292,15.549022817998132,15.570293523557241,12.52641816009833,7.096355208222377,False,0.014517336472863462,0.02127070555910926
golden,2025-08-24 00:01:52,198.43726303177002,198.02919602609492,2.5593894698558275,15.553391549243344,15.4191665470786,12.520738786469929,6.976988413770191,False,-0.40806700567509324,-0.13422500216474376
golden,2025-08-24 00:01:53,198.5174116961999,198.43672437874193,2.5759217423865546,15.55774510897969,15.589419300911713,12.510761714643346,7.016855521922969,False,-0.08068731745797209,0.03167419193202292
golden,2025-08-24 00:01:54,198.59552971776503,198.5494059519174,2.6096075070344096,15.562083377852131,15.532976258192807,12.492114896369197,7.0415858958535305,False,-0.04612376584762501,-0.029107119659324
golden,2025-08-24 00:01:55,198.67160852994402,198.89137135655943,2.584753217020839,15.566406236924832,15.663049125415322,12.49301611401703,7.079382041647185,False,0.21976282661540836,0.0966428884904893
golden,2025-08-24 00:01:56,198.74563978983784,198.74656283406054,2.5560657348911526,15.570713567684432,15.442818879693556,12.453705091515,6.961607445750162,False,0.000923044222702174,-0.12789468799087622
golden,2025-08-24 00:01:57,198.81761537908451,199.05593314628177,2.4951095276264645,15.575005252043278,15.61072141776034,12.493477219937782,7.1189986066562385,False,0.23831776719725895,0.035716165717062154
golden,2025-08-24 00:01:58,198.88752740474962,198.23921750822223,2.557065996863324,15.579281172342679,15.601609164408357,12.49152760392775,6.949052313121595,False,-0.6483098965273939,0.02232799206567826
golden,2025-08-24 00:01:59,198.9553682001917,199.21448884694092,2.4953616385592556,15.583541211356117,15.606152781714579,12.505297136585378,6.972128945464273,False,0.25912064674921,0.022611570358462174
golden,2025-08-24 00:02:00,199.02113032590307,198.8837249043575,2.4688097388301538,15.587785252292473,15.622622930018501,12.446477279539282,7.020491455075306,False,-0.1374054215455658,0.03483767772602775
golden,2025-08-24 00:02:01,199.08480657032553,198.84699888774736,2.516441284770641,15.59201317879922,15.528044635217244,12.518970052903867,6.840328883263221,False,-0.23780768257816476,-0.06396854358197679
golden,2025-08-24 00:02:02,199.14638995064135,199.16972866897757,2.613143450870409,15.596224874965616,15.704407880518135,12.518454285412963,6.836804167419969,False,0.0233387183362197,0.10818300555251881
golden,2025-08-24 00:02:03,199.20587371353886,198.72459994973528,2.4530402383827052,15.600420225325884,15.50076057319529,12.525915702663765,7.1461101781338145,False,-0.48127376380358555,-0.09965965213059391
golden,2025-08-24 00:02:04,199.26325133595316,199.68533914821975,2.654572982723226,15.604599114862374,15.60176525273715,12.530612315590197,6.931183211900883,False,0.42208781226659653,-0.0028338621252235185
golden,2025-08-24 00:02:05,199.31851652578138,199.5633842878864,2.4826642322464694,15.608761429008721,15.712664647707268,12.469148334612463,6.899438004571648,False,0.2448677621050308,0.10390321869854624
golden,2025-08-24 00:02:06,199.37166322257264,199.68547886886566,2.518121091205936,15.612907053652977,15.632559112702527,12.516748217076016,6.961073654614685,False,0.3138156462930226,0.01965205904954992
golden,2025-08-24 00:02:07,199.42268559819271,199.5465188821488,2.5682947933841853,15.617035875140749,15.550899122988051,12.504359289585507,6.938965669250871,False,0.12383328395608828,-0.06613675215269765
golden,2025-08-24 00:02:08,199.4715780574632,199.47261484905417,2.482189364712155,15.62114778027831,15.65008251259453,12.472511325758024,6.9136369058086276,False,0.0010367915909625935,0.02893473231621968
golden,2025-08-24 00:02:09,199.51833523877494,199.43306256150834,2.485345797993065,15.625242656335706,15.569353247868362,12.484066827996578,6.894609941654219,False,-0.0852726772666017,-0.055889408467344026
golden,2025-08-24 00:02:10,199.5629520146761,199.65416566941536,2.4481741814629867,15.629320391049838,15.782256648359429,12.512970715907372,6.8298336007072225,False,0.09121365473924925,0.15293625730959093
golden,2025-08-24 00:02:11,199.60542349243443,199.86211826521256,2.5250433316226393,15.63338087262755,15.56931988363618,12.458987353880266,6.842029198390114,False,0.2566947727781326,-0.06406098899137014
golden,2025-08-24 00:02:12,199.64574501457378,199.81218265697174,2.556742698766228,15.63742398974869,15.697931435229286,12.464336865339497,6.971257970397598,False,0.1664376423979661,0.060507445480595834
golden,2025-08-24 00:02:13,199.68391215938485,199.52961753496672,2.527814289881066,15.641449631569158,15.624191028927521,12.515854126530495,6.982602833573027,False,-0.15429462441812802,-0.017258602641636145
golden,2025-08-24 00:02:14,199.7199207414101,199.56184547658557,2.534100080149726,15.645457687723951,15.574770015447948,12.522985462190631,6.993117020063732,False,-0.15807526482453227,-0.07068767227600325
golden,2025-08-24 00:02:15,199.75376681190275,199.8816502535748,2.572936883311805,15.649448048330184,15.64163549542645,12.486409260627122,6.865611098830855,False,0.12788344167205423,-0.007812552903734726
golden,2025-08-24 00:02:16,199.78544665925978,200.03650510136754,2.51013321802358,15.653420603990105,15.557943719990893,12.464119755357984,6.879855225603122,False,0.2510584421077624,-0.09547688399921128
golden,2025-08-24 00:02:17,199.81495680942888,199.8428533708372,2.590018132564737,15.657375245794096,15.55184980356732,12.52411634524016,7.044325572199933,False,0.02789656140831198,-0.10552544222677618
golden,2025-08-24 00:02:18,199.84229402628955,199.55564138375368,2.447947716270371,15.661311865323652,15.704880252045752,12.547454380329874,6.851967463008924,False,-0.28665264253587,0.04356838672210017
golden,2025-08-24 00:02:19,199.86745531200793,199.7531401408034,2.5544903624030697,15.66523035465436,15.585997450773082,12.492802455061778,7.078736757460903,False,-0.11431517120453805,-0.07923290388127846
golden,2025-08-24 00:02:20,199.89043790736548,199.48183909846696,2.5320501502559543,15.669130606358857,15.714629433222548,12.535711719910818,6.964785655898696,False,-0.4085988088985175,0.04549882686369067
golden,2025-08-24 00:02:21,199.9112392920616,199.42605189875377,2.4324192787216528,15.673012513509773,15.786012252308797,12.4729010299155,6.898257195087812,False,-0.48518739330782523,0.11299973879902403
golden,2025-08-24 00:02:22,199.92985718499008,199.60445818981498,2.43767555246872,15.67687596968266,15.704527334780975,12.448122985774567,6.949360816242968,False,-0.3253989951751066,0.027651365098314784
golden,2025-08-24 00:02:23,199.94628954448916,199.83619177856397,2.488582734106515,15.680720868958918,15.660718344527266,12.49237438534998,7.01922127740544,False,-0.1100977659251896,-0.020002524431651736
golden,2025-08-24 00:02:24,199.96053456856544,200.02501597972315,2.452354471942966,15.684547105928688,15.473516991513272,12.526209444496377,6.952334610772808,False,0.06448141115771477,-0.21103011441541675
golden,2025-08-24 00:02:25,199.97259069509147,199.91317782396834,2.586069772882145,15.688354575693754,15.438810269117981,12.519142641020016,6.975997421184029,False,-0.05941287112312921,-0.24954430657577298
golden,2025-08-24 00:02:26,199.98245660197716,199.79799803130553,2.5341421258963153,15.692143173870408,15.634520139661468,12.510925504640564,6.832929208898813,False,-0.1844585706716373,-0.05762303420893922
golden,2025-08-24 00:02:27,199.99013120731462,199.9707663527226,2.462760996066513,15.695912796592314,15.882676424436728,12.511736033241593,6.805040268746577,False,-0.01936485459202686,0.1867636278444138
golden,2025-08-24 00:02:28,199.99561366949692,200.09519549189991,2.5723872106621966,15.699663340513366,15.76810547840958,12.484082480854008,6.992469024440132,False,0.09958182240299607,0.06844213789621456
golden,2025-08-24 00:02:29,199.99890338731024,199.87650137405984,2.466471198478401,15.703394702810504,15.667866012696276,12.510831575584229,7.0246271451448505,False,-0.12240201325039379,-0.03552869011422821
golden,2025-08-24 00:02:30,200.0,200.22008605902565,2.5293139218850187,15.707106781186548,15.765697009905642,12.44659520567564,6.964798608661776,False,0.22008605902564682,0.05859022871909403
golden,2025-08-24 00:02:31,199.99890338731024,200.03942297320887,2.4782381659743273,15.710799473872992,15.688937099336066,12.494436514896753,6.92181224784664,False,0.040519585898636024,-0.02186237453692641
golden,2025-08-24 00:02:32,199.99561366949692,200.04152645197527,2.4754692316756595,15.714472679632804,15.919866730592767,12.531387845097667,6.8399967940420785,False,0.04591278247835362,0.20539405095996344
golden,2025-08-24 00:02:33,199.99013120731462,200.02167807148777,2.4441990002910816,15.718126297763188,15.633518892802018,12.47645027005723,7.0008514205353025,False,0.031546864173151334,-0.08460740496117047
golden,2025-08-24 00:02:34,199.98245660197716,200.28407981750703,2.5682413758115326,15.721760228098361,15.643841980948041,12.47803019690488,6.946224893957486,False,0.30162321552987237,-0.07791824715032014
golden,2025-08-24 00:02:35,199.97259069509147,200.1199609659472,2.437477821625479,15.725374371012288,15.778450748651624,12.467592904761764,6.976461254032984,False,0.14737027085573118,0.0530763776393357
golden,2025-08-24 00:02:36,199.96053456856544,199.51925612049237,2.521896337088738,15.72896862742141,15.764645751434372,12.50734855280478,6.915154816218815,False,-0.4412784480730636,0.035677124012961414
golden,2025-08-24 00:02:37,199.94628954448916,199.3827396710473,2.574771857509318,15.73254289878738,15.639618564127275,12.530049457811485,7.025442169089007,False,-0.5635498734418718,-0.09292433466010408
golden,2025-08-24 00:02:38,199.92985718499008,200.0251377913295,2.4660321600251844,15.736097087119735,15.868347267217795,12.532640440033791,6.872231623579825,False,0.09528060633942914,0.13225018009806
golden,2025-08-24 00:02:39,199.9112392920616,200.37557336134375,2.4772862343523445,15.73963109497861,15.642692473528054,12.516517893996532,7.056129831554727,False,0.4643340692821596,-0.09693862145055476
golden,2025-08-24 00:02:40,199.89043790736548,200.27383853571055,2.4932434674558492,15.743144825477394,15.660735104259313,12.491093096074751,7.036247246064864,False,0.38340062834507194,-0.08240972121808099
golden,2025-08-24 00:02:41,199.86745531200793,199.62513932356444,2.522266388998789,15.746638182285391,15.859941349408015,12.534655820471858,7.065740120770171,False,-0.24231598844349378,0.11330316712262345
golden,2025-08-24 00:02:42,199.84229402628955,199.70598166529834,2.3749704282294513,15.75011106963046,15.825521568003934,12.485540577907962,6.810185283775825,False,-0.13631236099121224,0.0754104983734738
golden,2025-08-24 00:02:43,199.81495680942888,200.1044186353089,2.5149407517276807,15.753563392301638,15.644109836608258,12.524462762173645,6.94084220913326,False,0.2894618258800108,-0.10945355569337956
golden,2025-08-24 00:02:44,199.78544665925978,200.0204225059174,2.373809365240278,15.756995055651757,15.820865366714695,12.500439421501738,7.001306191043585,False,0.23497584665761906,0.06387031106293861
golden,2025-08-24 00:02:45,199.75376681190275,200.17413255418538,2.4368869861866003,15.76040596560003,15.776112568389559,12.524778153848576,6.7776732746737025,False,0.4203657422826268,0.01570660278952829
golden,2025-08-24 00:02:46,199.7199207414101,199.99012535654117,2.4724725174933417,15.763796028634642,15.780592400397325,12.483631618406609,6.850828103952326,False,0.270204615131064,0.016796371762682227
golden,2025-08-24 00:02:47,199.68391215938485,199.6076921744979,2.508551654385276,15.7671651518153,15.804652323122347,12.533373419694952,6.919054862451877,False,-0.07621998488693293,0.03748717130704726
golden,2025-08-24 00:02:48,199.64574501457378,199.6012623469619,2.4318063233666867,15.77051324277579,15.890246408307446,12.527704467543627,6.83437848053126,False,-0.044482667611873694,0.11973316553165603
golden,2025-08-24 00:02:49,199.60542349243443,199.54294745808866,2.4715875338073414,15.773840209726506,15.740775513137512,12.4691849789002,6.912747296137592,False,-0.062476034345763765,-0.033064696588994025
golden,2025-08-24 00:02:50,199.5629520146761,199.66386419038847,2.423981662140747,15.77714596145697,15.790147680780485,12.51266528997048,6.996224499619052,False,0.10091217571235234,0.01300171932351546
golden,2025-08-24 00:02:51,199.51833523877494,199.59552585833868,2.5098086086177824,15.78043040733833,15.762770699166012,12.477119779806245,7.050588162630629,False,0.07719061956373707,-0.017659708172317323
golden,2025-08-24 00:02:52,199.4715780574632,199.38001259707065,2.4855449869711506,15.783693457325839,15.852682555167446,12.47999779325741,6.965233831663692,False,-0.09156546039255886,0.068989097841607
golden,2025-08-24 00:02:53,199.42268559819271,199.58962695565285,2.434726263104087,15.786935021961337,15.805654377631914,12.543120790443545,6.875019746518945,False,0.16694135746013217,0.018719355670576476
golden,2025-08-24 00:02:54,199.37166322257264,199.3932099710812,2.4374870979263448,15.79015501237569,15.744693707687357,12.50657752847068,6.908058299424039,False,0.021546748508569635,-0.04546130468833276
golden,2025-08-24 00:02:55,199.31851652578138,199.61779320596528,2.3911631686471075,15.793353340291235,15.697671419441335,12.531703419303815,6.888672847589091,False,0.2992766801839082,-0.09568192084990024
golden,2025-08-24 00:02:56,199.26325133595316,199.48341266979514,2.453462548544168,15.796529918024197,15.815339723568338,12.490945846747966,6.741268355444877,False,0.2201613338419861,0.0188098055441408
golden,2025-08-24 00:02:57,199.20587371353886,198.86921439840972,2.4316614265217287,15.79968465848709,15.992227417324045,12.52494937166845,6.880526681953858,False,-0.3366593151291397,0.19254275883695549
golden,2025-08-24 00:02:58,199.14638995064135,198.75562872523687,2.5159526867154427,15.802817475191114,15.672274478259387,12.514983005094901,6.971218010806519,False,-0.390761225404475,-0.13054299693172666
golden,2025-08-24 00:02:59,199.08480657032555,199.18136360682826,2.4703611494416817,15.805928282248516,15.871160927297215,12.476419711303324,6.87610814433822,False,0.09655703650270198,0.06523264504869886
golden,2025-08-24 00:03:00,199.02113032590307,199.69967155441387,2.381122666202138,15.809016994374947,15.847709711737629,12.534393445081117,6.897626195638562,False,0.6785412285107952,0.038692717362682316
golden,2025-08-24 00:03:01,198.9553682001917,198.93787979334272,2.4191401016430216,15.812083526891806,16.07784504679607,12.448259012056516,6.986106809306041,False,-0.01748840684899733,0.2657615199042649
golden,2025-08-24 00:03:02,198.88752740474962,198.6731820526316,2.4579895769144113,15.815127795728554,15.742642126341345,12.563913494880929,7.037594378530817,False,-0.2143453521180163,-0.07248566938720913
golden,2025-08-24 00:03:03,198.81761537908451,199.17846683950424,2.4272432892997373,15.818149717425023,15.814948634395057,12.501311515764641,6.979636673939328,False,0.36085146041972394,-0.003201083029965801
golden,2025-08-24 00:03:04,198.74563978983784,198.89225980103572,2.3439275476004773,15.821149209133704,15.693480159685823,12.502969880049225,7.130768406003488,False,0.14662001119788215,-0.12766904944788138
golden,2025-08-24 00:03:05,198.67160852994402,198.70537987082207,2.4437197614167783,15.824126188622015,15.94125496116744,12.519991146955828,6.956205466084716,False,0.03377134087804734,0.1171287725454242
golden,2025-08-24 00:03:06,198.59552971776503,198.3687595800089,2.3423032074822547,15.82708057427456,15.891163969665493,12.507255694974855,6.983043375271314,False,-0.22677013775611954,0.06408339539093255
golden,2025-08-24 00:03:07,198.5174116961999,198.47934143414824,2.3833374859357077,15.830012285095368,15.908501537488144,12.51288745744462,7.079253404923341,False,-0.03807026205166153,0.07848925239277627
golden,2025-08-24 00:03:08,198.43726303177002,198.69864859980453,2.499713540794277,15.8329212407101,15.747221017402023,12.449830330319276,6.973565304673512,False,0.2613855680345125,-0.08570022330807703
golden,2025-08-24 00:03:09,198.3550925136796,198.79040280999456,2.5429610167437224,15.83580736136827,15.990240602175534,12.503304411383152,6.858265580771843,False,0.43531029631495244,0.15443324080726484
golden,2025-08-24 00:03:10,198.27090915285203,198.43479798239034,2.4643926669945713,15.838670567945424,15.790599363242256,12.51573883981578,6.954860049698232,False,0.1638888295383083,-0.04807120470316839
golden,2025-08-24 00:03:11,198.18472218094138,197.900407583503,2.4994090350660936,15.841510781945306,15.81488435287381,12.514859280920865,7.059221489265374,False,-0.2843145974383674,-0.026626429071496815
golden,2025-08-24 00:03:12,198.0965410493204,198.51767678004606,2.4323109700157213,15.844327925502014,16.021633945212493,12.493990439977562,6.859751503605864,False,0.42113573072566624,0.17730601971047832
golden,2025-08-24 00:03:13,198.00637542804387,197.97964964787874,2.369299201458955,15.847121921382136,15.802557722215019,12.497817590934078,6.841618786377211,False,-0.026725780165122615,-0.044564199167117735
golden,2025-08-24 00:03:14,197.91423520478827,197.54198306279426,2.3816939512032946,15.849892692986863,15.952185562623978,12.495501695943062,7.016974796137185,False,-0.3722521419940108,0.10229286963711459
golden,2025-08-24 00:03:15,197.82013048376734,198.0472471923736,2.4463468620604565,15.852640164354092,15.798786780553643,12.483833932803256,7.087649476470477,False,0.22711670860624622,-0.05385338380044935
golden,2025-08-24 00:03:16,197.7240715846243,197.4591458667991,2.339809250201866,15.855364260160506,15.754663935278284,12.519974651136346,6.973908069341896,False,-0.26492571782520713,-0.10070032488222225
golden,2025-08-24 00:03:17,197.62606904129984,197.53274935242806,2.3841501520480612,15.858064905723644,15.9646341274681,12.513666349236136,7.066676617897002,False,-0.09331968887178732,0.10656922174445604
golden,2025-08-24 00:03:18,197.52613360087727,198.07567620602484,2.419946297655173,15.860742027003944,15.766053929441545,12.528529196280305,7.073530395325232,False,0.5495426051475647,-0.09468809756239871
golden,2025-08-24 00:03:19,197.4242762224038,197.45464909182456,2.468114354777054,15.863395550606771,15.947143614426254,12.515517842300952,7.114413180571743,False,0.03037286942077344,0.08374806381948297
golden,2025-08-24 00:03:20,197.32050807568876,196.8737466307024,2.366195505150743,15.86602540378444,15.961768805463759,12.477059644813048,7.185035254106497,False,-0.4467614449863504,0.09574340167931972
golden,2025-08-24 00:03:21,197.21484054007888,196.9784270631697,2.347644557924806,15.86863151443819,15.83820351655074,12.46728148344418,6.913299086527451,False,-0.2364134769091777,-0.03042799788745043
golden,2025-08-24 00:03:22,197.10728520321013,196.89384881050748,2.4011402085599403,15.871213811120189,15.822268030435854,12.47917845609312,6.944257439733124,False,-0.21343639270264703,-0.04894578068433475
golden,2025-08-24 00:03:23,196.9978538597373,196.9677225019335,2.4434550946009916,15.873772223035465,15.949082442413093,12.469550558886393,6.977675198624924,False,-0.030131357803782066,0.07531021937762894
golden,2025-08-24 00:03:24,196.8865585100403,197.36289593321155,2.3219356370312996,15.876306680043864,15.918792978707666,12.5143051873405,6.892566878000822,False,0.47633742317125893,0.04248629866380149
golden,2025-08-24 00:03:25,196.77341135890848,196.43051347878443,2.4152665983524546,15.878817112661965,16.005389737771218,12.475781825267829,7.009436497759661,False,-0.3428978801240419,0.1265726251092527
golden,2025-08-24 00:03:26,196.658424814202,196.77134141959746,2.4268263385006366,15.881303452064992,15.965331128682134,12.472905920693627,7.183260417187117,False,0.1129166053954691,0.08402767661714172
golden,2025-08-24 00:03:27,196.54161148549125,196.65031505123275,2.3832478202732803,15.883765630088693,15.738925928045255,12.52422582750794,6.973335660637378,False,0.10870356574150719,-0.14483970204343777
golden,2025-08-24 00:03:28,196.42298418267407,197.02537637645017,2.3958519650687964,15.886203579231214,15.867267458937551,12.535940247855812,7.086974905725083,False,0.6023921937760974,-0.018936120293663095
golden,2025-08-24 00:03:29,196.3025559145711,196.49112690251755,2.3684447534358064,15.88861723265495,15.876821152996325,12.463654326697029,7.042738784509534,False,0.18857098794646276,-0.011796079658624947
golden,2025-08-24 00:03:30,196.18033988749895,196.16785848463823,2.365725094900557,15.891006524188368,15.776940771421268,12.466024721990959,7.149424938438166,False,-0.012481402860714752,-0.11406575276710029
golden,2025-08-24 00:03:31,196.05634950382228,196.214212097975,2.2846124040969444,15.893371388327838,15.80796710704906,12.486759928046139,7.14013091835363,False,0.15786259415273207,-0.08540428127877675
golden,2025-08-24 00:03:32,195.93059836048394,195.39485627431205,2.3579938674770897,15.895711760239413,15.681494037134243,12.465256069223209,7.178411131245241,False,-0.5357420861718936,-0.21421772310517007
golden,2025-08-24 00:03:33,195.8031002475138,195.5634323032367,2.3787118103522604,15.898027575760615,15.979198019341082,12.510025421171393,7.2673849994595185,False,-0.2396679442771017,0.08117044358046677
golden,2025-08-24 00:03:34,195.6738691465168,195.58985238543494,2.480201179518561,15.900318771402194,15.971894067370007,12.536321864102048,7.319904652666355,False,-0.08401676108186962,0.07157529596781309
golden,2025-08-24 00:03:35,195.54291922913941,196.17592258591785,2.328649414995849,15.902585284349861,15.79459310447024,12.514622363940797,7.2282820901979274,False,0.6330033567784312,-0.10799217987962173
golden,2025-08-24 00:03:36,195.41026485551578,195.45870719111494,2.3160211405350837,15.90482705246602,15.91078155139862,12.489302138131952,7.134203401916588,False,0.048442335599162334,0.00595449893259925
golden,2025-08-24 00:03:37,195.27592057269285,195.1859135817106,2.339971752720049,15.907044014291465,15.885505708754978,12.509729341926645,7.2762347443583035,False,-0.0900069909822605,-0.02153830553648639
golden,2025-08-24 00:03:38,195.13990111303514,195.0859293172926,2.4272196492405436,15.909236109047068,15.759271690262182,12.454989012751499,7.20396272048659,False,-0.05397179574254096,-0.14996441878488653
golden,2025-08-24 00:03:39,195.0022213926092,195.1000907391186,2.4391970350384895,15.911403276635445,15.714690223135312,12.49333709033239,7.28623795599492,False,0.09786934650941248,-0.19671305350013313
golden,2025-08-24 00:03:40,194.86289650954788,195.00046892878765,2.3679244647471536,15.9135454576426,15.759131435894814,12.52592400372112,7.149903703053545,False,0.13757241923977404,-0.15441402174778673
golden,2025-08-24 00:03:41,194.72194174239468,194.82967781738878,2.428334964954106,15.915662593339562,16.00075665080728,12.535481824736076,7.19801498436502,False,0.10773607499410787,0.08509405746771748
golden,2025-08-24 00:03:42,194.57937254842824,194.54295823208932,2.38494375804345,15.917754625683981,16.034573615804415,12.479607311749286,7.129783356102074,False,-0.036414316338920116,0.11681899012043395
golden,2025-08-24 00:03:43,194.43520456196725,194.47616150216427,2.3680416146226886,15.919821497321738,16.07465290190742,12.492799449524696,6.9572094854017505,False,0.04095694019702023,0.154831404585682
golden,2025-08-24 00:03:44,194.28945359265606,193.88968296294883,2.3951590074546525,15.9218631515885,16.109401283711158,12.494343303205612,7.174867985016298,False,-0.3997706297072341,0.18753813212265769
golden,2025-08-24 00:03:45,194.14213562373095,193.910762503508,2.4360908921661264,15.923879532511286,15.846642651734252,12.464372044327806,7.2471159543840145,False,-0.23137312022294054,-0.0772368807770345
golden,2025-08-24 00:03:46,193.9932668102673,194.38026451354844,2.4255004097903567,15.925870584809994,15.834028080532848,12.50844481583722,7.332958113102435,False,0.38699770328113914,-0.09184250427714602
golden,2025-08-24 00:03:47,193.84286347740814,193.71367346501663,2.37400981069402,15.92783625389892,15.656115965713443,12.520025791946091,7.272006716718369,False,-0.1291900123915184,-0.27172028818547744
golden,2025-08-24 00:03:48,193.6909421185738,193.70372823575434,2.3080035271595873,15.929776485888251,16.05770875113736,12.466137181541912,7.227112078975706,False,0.012786117180553447,0.1279322652491075
golden,2025-08-24 00:03:49,193.5375193936532,193.65518924048826,2.4106042648519153,15.93169122758555,16.01025513266946,12.51441384564633,7.345447532592387,False,0.11766984683504234,0.07856390508391087
golden,2025-08-24 00:03:50,193.38261212717717,193.45712829755323,2.512383193304477,15.933580426497201,16.091359458177784,12.520253683876089,7.164201326901349,False,0.07451617037605729,0.15777903168058316
golden,2025-08-24 00:03:51,193.22623730647302,193.34027491873815,2.494950326601678,15.935444030829867,15.903137072875088,12.514795767653265,7.398491574391742,False,0.11403761226512188,-0.03230695795477878
golden,2025-08-24 00:03:52,193.0684120798021,192.73596670296473,2.2922802164015113,15.937281989491892,15.981255669702788,12.512109154367131,7.272725217576089,False,-0.3324453768373701,0.04397368021089676
golden,2025-08-24 00:03:53,192.909153754479,193.18519735850435,2.3258240025265007,15.939094252094709,16.151557858491078,12.462186573311996,7.16527660288343,False,0.27604360402534667,0.2124636063963692
golden,2025-08-24 00:03:54,192.7484797949738,193.3463522472977,2.421076097922918,15.940880768954225,15.849012217472728,12.513931837287128,7.308346465629758,False,0.5978724523238839,-0.09186855148149675
golden,2025-08-24 00:03:55,192.58640782099675,192.67279982431188,2.380724064697864,15.942641491092179,15.856846438085157,12.535647319759963,7.381340521888033,False,0.08639200331512598,-0.08579505300702195
golden,2025-08-24 00:03:56,192.42295560556622,192.6505626883519,2.4474000191219774,15.944376370237482,15.988426632875234,12.4893085573932,7.285636824890216,False,0.22760708278568131,0.044050262637751914
golden,2025-08-24 00:03:57,192.25814107305953,191.90755909627765,2.3295855689629774,15.946085358827546,15.87800395606167,12.523389919618284,7.246303014593829,False,-0.3505819767818821,-0.06808140276587515
golden,2025-08-24 00:03:58,192.0919822972475,192.0278588891447,2.3636628955996586,15.947768410009585,16.112609729446827,12.502719080776192,7.267883355328635,False,-0.0641234081028017,0.164841319437242
golden,2025-08-24 00:03:59,191.9244974993123,191.99850227375222,2.4605445637043655,15.949425477641904,15.997076940229686,12.515709472737605,7.373915892502516,False,0.07400477443991349,0.04765146258778152
golden,2025-08-24 00:04:00,191.75570504584945,191.70721983527937,2.3663648526931174,15.951056516295154,16.00467098880727,12.480699094354158,7.390005475324613,False,-0.04848521057007815,0.05361447251211615
golden,2025-08-24 00:04:01,191.58562344685356,191.96553405565606,2.5545478051225703,15.952661481253585,16.104559388881135,12.464772707621593,7.404669665298583,False,0.37991060880250416,0.15189790762754996
golden,2025-08-24 00:04:02,191.41427135368863,191.3543458250173,2.4066698323140607,15.954240328516278,16.151334524236606,12.496848872941777,7.388836268076187,False,-0.05992552867132872,0.1970941957203287
golden,2025-08-24 00:04:03,191.2416675570426,191.23392007144574,2.382221402129505,15.95579301479833,15.847398729463105,12.509353859805094,7.391133812654581,False,-0.0077474855968659995,-0.10839428533522444
golden,2025-08-24 00:04:04,191.06783098486687,191.1751871962781,2.405896535123762,15.957319497532067,15.808719315264778,12.50484303315854,7.447692739359489,False,0.1073562114112292,-0.14860018226728933
golden,2025-08-24 00:04:05,190.89278070030053,191.1497787375546,2.4048668861915026,15.958819734868193,15.92684319905724,12.51177210030503,7.427953062149988,False,0.2569980372540783,-0.031976535810953166
golden,2025-08-24 00:04:06,190.71653589957992,190.7203205565318,2.3659778635347433,15.960293685676943,16.041367652259577,12.474704733354104,7.356602618388264,False,0.0037846569518649176,0.08107396658263433
golden,2025-08-24 00:04:07,190.53911590993354,190.9209007780374,2.5105903756895396,15.961741309549211,16.036126237822074,12.482610050950207,7.549627547705587,False,0.38178486810386403,0.07438492827286325
golden,2025-08-24 00:04:08,190.36054018746262,190.53837424783967,2.429067694928571,15.963162566797658,15.99890408501421,12.524302625550547,7.3120358909568575,False,0.17783406037705163,0.03574151821655214
golden,2025-08-24 00:04:09,190.18082831500743,190.78874876033544,2.5058997468288746,15.964557418457797,16.072116268953106,12.464049800359247,7.310421749872554,False,0.6079204453280056,0.10755885049530889
golden,2025-08-24 00:04:10,190.0,189.99380393134507,2.4580021639519924,15.965925826289068,16.006827869790676,12.522917644996598,7.292492612613802,False,-0.006196068654929832,0.04090204350160853
golden,2025-08-24 00:04:11,189.8180750723028,189.59041463940136,2.424263298427519,15.967267752775877,15.830378247275094,12.491869893636643,7.4158448982388325,False,-0.22766043290144466,-0.1368895055007826
golden,2025-08-24 00:04:12,189.6350734820343,189.68604060741148,2.3449572673440007,15.968583161128631,15.925324504791444,12.49829099921715,7.301768957049657,False,0.050967125377184175,-0.04325865633718706
golden,2025-08-24 00:04:13,189.45101529738108,190.02975835819223,2.47635144858212,15.969872015284746,15.836400241088658,12.498621329873039,7.40288725101421,False,0.5787430608111492,-0.1334717741960887
golden,2025-08-24 00:04:14,189.26592070239724,189.6738523327445,2.472118486805881,15.971134279909636,16.198995639290448,12.492044302920233,7.466412944704933,False,0.40793163034726376,0.2278613593808121
golden,2025-08-24 00:04:15,189.07980999479093,189.24089770148407,2.455482805542409,15.972369920397677,15.997682502625736,12.464091868008241,7.355863969398332,False,0.161087706693138,0.0253125822280591
golden,2025-08-24 00:04:16,188.89270358369856,188.83596506522446,2.387012490135105,15.973578902873161,16.0345741039988,12.491557332950938,7.6245541473284,False,-0.056738518474105604,0.06099520112563894
golden,2025-08-24 00:04:17,188.70462198744656,188.80640147324118,2.372479499065834,15.974761194191222,16.152706023125333,12.52189024408141,7.525176609201897,False,0.10177948579462281,0.1779448289341108
golden,2025-08-24 00:04:18,188.51558583130145,188.9218589223041,2.4373645968947684,15.975916761938747,16.083068794855926,12.554468771902599,7.4212838534422465,False,0.40627309100264597,0.10715203291717934
golden,2025-08-24 00:04:19,188.32561584520803,188.35914154551077,2.2918210492552955,15.977045574435264,16.08724505696943,12.508499823991997,7.413811569514759,False,0.033525700302732275,0.11019948253416523
golden,2025-08-24 00:04:20,188.134732861516,187.9298591113107,2.426463702549836,15.978147600733806,15.850110076094614,12.468584540847893,7.524729866726517,False,-0.20487375020530862,-0.1280375246391916
golden,2025-08-24 00:04:21,187.94295781269562,188.0264546099498,2.4780375165504016,15.979222810621765,15.964963454022925,12.52609907295081,7.588801053542347,False,0.08349679725418468,-0.014259356598840256
golden,2025-08-24 00:04:22,187.75031172904207,187.4903168555958,2.496683294230733,15.980271174621722,15.951574189267673,12.491486294596653,7.660032284902259,False,-0.25999487344626004,-0.028696985354049076
golden,2025-08-24 00:04:23,187.55681573636934,187.66746339978752,2.3960251783682813,15.981292663992246,16.010223989362913,12.528964461269853,7.496435248274531,False,0.11064766341817744,0.028931325370667338
golden,2025-08-24 00:04:24,187.36249105369356,187.13774382164712,2.4642130610449158,15.982287250728689,16.107716800846568,12.454916239214375,7.588200933374542,False,-0.22474723204643965,0.12542955011787882
golden,2025-08-24 00:04:25,187.167358990906,186.87659717626676,2.468678388092185,15.983254907563955,15.848826852234488,12.509186323520725,7.556904151830174,False,-0.29076181463923945,-0.134428055329467
golden,2025-08-24 00:04:26,186.9714409464363,186.7217218784236,2.4273431271261168,15.984195607969243,16.03640010172398,12.507134818752041,7.4779567261976485,False,-0.24971906801269483,0.052204493754738124
golden,2025-08-24 00:04:27,186.77475840490584,186.61921963114057,2.4621760388431344,15.985109326154774,16.0161032374711,12.499511194702581,7.6093337047472875,False,-0.15553877376527225,0.030993911316326006
golden,2025-08-24 00:04:28,186.57733293477168,186.58926958293335,2.345595702267958,15.985996037070505,16.132874559088116,12.509151817048812,7.4584956913874505,False,0.011936648161679386,0.14687852201761054
golden,2025-08-24 00:04:29,186.3791861859614,186.59870577574225,2.5183028334951034,15.986855716406808,15.98438769192027,12.55134353001834,7.748930805858964,False,0.21951958978084463,-0.002468024486537601
golden,2025-08-24 00:04:30,186.18033988749895,186.22312700183974,2.4229542391753185,15.987688340595138,16.034550216479474,12.531335995736415,7.516878434013825,False,0.04278711434079696,0.046861875884335547
golden,2025-08-24 00:04:31,185.98081584512175,186.04092947235347,2.4506199310105647,15.988493886808683,15.967464770788176,12.51755463977618,7.556568008204827,False,0.06011362723171487,-0.021029116020507388
golden,2025-08-24 00:04:32,185.78063593888945,185.33795196705978,2.370328074672196,15.989272332962988,16.079589008821557,12.502282798161042,7.637130471322369,False,-0.44268397182966623,0.09031667585856873
golden,2025-08-24 00:04:33,185.57982212078457,185.51477664812631,2.4728966003277404,15.990023657716558,15.843062703843103,12.478747719570888,7.618557639655738,False,-0.06504547265825522,-0.14696095387345487
golden,2025-08-24 00:04:34,185.3783964123053,185.75739715997153,2.4204489674273075,15.990747840471444,15.877647935568044,12.486513049212189,7.569557285475446,False,0.3790007476662254,-0.11309990490340027
golden,2025-08-24 00:04:35,185.17638090205043,185.19818039926054,2.378888636793498,15.991444861373811,15.872674874631345,12.471060767984321,7.577446659471106,False,0.021799497210110985,-0.11876998674246586
golden,2025-08-24 00:04:36,184.9737977432971,185.36400171417972,2.529671616008349,15.992114701314478,15.977384232591534,12.520761756568177,7.342497476044463,False,0.3902039708826237,-0.014730468722943257
golden,2025-08-24 00:04:37,184.7706691515716,184.9176601562832,2.5073441807254095,15.992757341929446,15.940520745147122,12.476372768040884,7.684437176268992,False,0.14699100471159454,-0.05223659678232373
golden,2025-08-24 00:04:38,184.5670174022131,184.82135723039787,2.3680614485139015,15.993372765600396,16.014729302412572,12.520500041725688,7.673561512464462,False,0.2543398281847544,0.021356536812175975
golden,2025-08-24 00:04:39,184.36286482793085,184.59946961662317,2.4841506385849557,15.99396095545518,16.04342960947986,12.561069767718074,7.680391785439109,False,0.23660478869231838,0.049468654024678926
golden,2025-08-24 00:04:40,184.1582338163552,184.25506114398135,2.41989643411978,15.994521895368273,15.923735133902928,12.536657939200392,7.665632173246721,False,0.09682732762615842,-0.07078676146534413
golden,2025-08-24 00:04:41,183.95314680758253,183.73750094700645,2.4393199838180903,15.995055569961226,15.908474364350306,12.496376675878244,7.709444609610546,False,-0.2156458605760747,-0.0865812056109192
golden,2025-08-24 00:04:42,183.7476262917145,183.69441899833504,2.407264846250129,15.99556196460308,16.06485994080153,12.541577180315995,7.6939669685648235,False,-0.053207293379472276,0.06929797619844891
golden,2025-08-24 00:04:43,183.54169480639166,183.5265164659188,2.426392741909654,15.99604106541077,15.973214162923194,12.53070044256767,7.639508363137896,False,-0.015178340472857599,-0.02282690248757646
golden,2025-08-24 00:04:44,183.33537493432203,183.51869509334657,2.42768784672233,15.996492859249503,15.950216206441326,12.520757771721188,7.764020948667142,False,0.18332015902453236,-0.04627665280817794
golden,2025-08-24 00:04:45,183.1286893008046,182.53432638668227,2.440205617116247,15.996917333733128,15.902455420523182,12.551249651042857,7.791758131522165,False,-0.5943629141223425,-0.09446191320994579
golden,2025-08-24 00:04:46,182.92166057124822,182.48073289257584,2.3800583861250204,15.997314477224458,15.956505349342876,12.474788222443104,7.713898645595504,False,-0.4409276786723808,-0.040809127881582086
golden,2025-08-24 00:04:47,182.7143114486861,182.5043287581795,2.5361580922457,15.997684278835605,15.997877735482401,12.523508166204556,7.773663916888165,False,-0.20998269050659246,0.00019345664679626395
golden,2025-08-24 00:04:48,182.5066646712861,182.03391387964055,2.4685979440538652,15.998026728428272,16.05402399840588,12.525999083598707,7.875887650915538,False,-0.4727507916455522,0.055997269977609676
golden,2025-08-24 00:04:49,182.29874300985733,182.30281187621011,2.4866246539996855,15.998341816614028,15.993879369216621,12.509174210592816,7.806329263370503,False,0.004068866352781697,-0.004462447397406422
golden,2025-08-24 00:04:50,182.09056926535308,181.83298975679847,2.505355483468897,15.998629534754574,15.988395000112883,12.531787901360511,7.701024592059749,False,-0.2575795085546133,-0.01023453464169144
golden,2025-08-24 00:04:51,181.8821662663703,182.30480580178448,2.4667109688566056,15.99888987496197,16.081252085358358,12.49604492693818,7.66365969031046,False,0.4226395354141914,0.08236221039638814
golden,2025-08-24 00:04:52,181.67355686664632,181.89157379408712,2.5174218214615784,15.999122830098859,16.110410160208392,12.483424901943783,7.727690845872381,False,0.21801692744080015,0.1112873301095334
golden,2025-08-24 00:04:53,181.46476394255265,181.85339954686106,2.495182409606867,15.999328393778656,15.99456905727425,12.48588282783348,7.830043251514408,False,0.38863560430840494,-0.0047593365044065195
golden,2025-08-24 00:04:54,181.25581039058628,180.98541713861076,2.473355462963648,15.999506560365731,16.25693509291474,12.496608935195106,7.914062251957917,False,-0.2703932519755199,0.2574285325490102
golden,2025-08-24 00:04:55,181.04671912485887,180.91113272539818,2.4203872934945916,15.999657324975557,15.994086580519204,12.49648724428289,7.6822570728989765,False,-0.13558639946069206,-0.005570744456353083
golden,2025-08-24 00:04:56,180.837513074584,180.38531775948135,2.56714273690997,15.999780683474846,15.975268422080875,12.499108247899777,7.7627776899719825,False,-0.4521953151026423,-0.024512261393971002
golden,2025-08-24 00:04:57,180.62821518156255,180.81481151132138,2.497724726317998,15.99987663248166,15.958978575655346,12.457796108084352,7.957448056404494,False,0.186596329758828,-0.040898056826314644
golden,2025-08-24 00:04:58,180.41884839766715,180.674934168488,2.5271993873793455,15.999945169365512,16.03844722133504,12.484691603446226,7.742421771918761,False,0.25608577082084594,0.038502051969528495
golden,2025-08-24 00:04:59,180.2094356823249,179.96089226170304,2.537986902853223,15.999986292247426,16.02835431194381,12.440416191787035,7.8470002076393675,False,-0.2485434206218713,0.02836801969638536
